Usage Quantity,CPU Utilization (%),Network Inbound Data (Bytes),Network Outbound Data (Bytes),Usage Start Date,Usage End Date
954.9843,92.72,77097035547,82685933273,01-08-2024 22:24,07-08-2024 06:54
479.6348,37.78,8239357017,11351490561,23-08-2024 09:18,25-08-2024 07:26
114.4129,82.54,23358691883,23450812120,18-07-2024 11:13,22-07-2024 00:45
413.193,86.68,53404385778,60780194484,20-07-2024 00:15,21-07-2024 10:16
335.9892,82.95,10795270461,14161382061,21-08-2024 21:25,25-08-2024 00:21
50.8,32.36,67970493743,70311789173,18-07-2024 03:07,20-07-2024 05:55
333.6126,12.21,27515142149,27664449839,23-08-2024 11:39,25-08-2024 11:08
49.5833,59.18,69079125950,78552821117,20-08-2024 13:23,22-08-2024 14:58
384.7979,36.67,14639390405,20917834831,08-07-2024 19:35,14-07-2024 04:02
533.6245,96.4,72632018521,72843203438,05-07-2024 09:25,10-07-2024 21:26
78.7,68.28,60327278928,66769681245,09-07-2024 14:33,12-07-2024 21:15
86.6333,12.91,92616000746,99059500361,14-08-2024 09:47,18-08-2024 00:25
290.0492,53.93,15213923507,19106889929,19-07-2024 19:26,22-07-2024 13:56
96.9514,73.72,47714907583,55324053975,18-07-2024 12:56,20-07-2024 21:28
657.3878,43.57,64719533732,74457276259,03-07-2024 23:38,08-07-2024 06:34
98.3833,47.61,14130706238,23480009488,20-08-2024 03:04,24-08-2024 05:27
713.5354,93.56,61053572660,66456079011,25-08-2024 21:20,31-08-2024 12:24
609.9901,98.66,70591459011,75043755268,07-07-2024 00:52,09-07-2024 13:46
61.3889,20.25,24459345122,30238120394,28-08-2024 09:37,29-08-2024 17:30
194.6074,71.48,50023921405,52243912598,07-07-2024 12:16,11-07-2024 01:58
590.1037,55.53,27785646604,34873445199,19-08-2024 07:29,21-08-2024 09:41
152.1866,78.9,31595229818,32905735415,17-07-2024 20:20,22-07-2024 08:13
90.7333,22.41,35788463783,41202319167,05-08-2024 13:18,09-08-2024 08:02
389.9843,97.47,96990383791,1.01E+11,17-08-2024 01:17,19-08-2024 18:27
389.6408,65.57,31182295135,38901764033,12-07-2024 09:18,17-07-2024 02:28
902.3603,27.7,75263901953,80604527913,23-08-2024 17:18,29-08-2024 07:02
355.828,89.39,84041157244,92553952311,26-08-2024 19:31,29-08-2024 04:27
477.7508,63.32,88256196324,95036019889,01-07-2024 19:51,04-07-2024 21:24
31.5518,62.15,54485062086,62813003941,10-08-2024 17:05,15-08-2024 11:52
24.5167,63.68,34927527769,44683895186,27-08-2024 04:52,28-08-2024 05:23
85.0167,67.5,87269231137,92709161595,16-08-2024 00:18,19-08-2024 13:19
832.1664,23.65,93395407276,1.02E+11,26-08-2024 16:24,31-08-2024 13:07
298.0653,66.82,24527235493,26241930001,02-07-2024 12:35,05-07-2024 16:16
868.8778,72.08,13159648227,16566379456,14-07-2024 17:48,16-07-2024 23:28
306.7861,19.59,98160908124,1.06E+11,10-07-2024 23:15,12-07-2024 02:51
31.9333,5.7,35137713111,43813630384,29-07-2024 06:08,30-07-2024 14:04
715.0198,44.97,47790743712,50699817640,14-07-2024 09:21,18-07-2024 20:13
749.8858,84.06,58205533146,63495177785,16-08-2024 20:04,21-08-2024 12:08
110.3167,49.67,79950895147,87873607051,03-08-2024 09:57,08-08-2024 00:16
55.5667,4.03,39972807265,42908382034,23-08-2024 16:13,25-08-2024 23:47
37.85,30.13,47432776135,52386027380,22-07-2024 15:15,24-07-2024 05:06
25.1167,31.07,67988066933,74171230563,12-07-2024 23:41,14-07-2024 00:48
222.3365,45.3,32935662005,40639831707,21-08-2024 10:30,22-08-2024 20:06
565.1884,5.46,87565187937,92048056617,02-08-2024 00:52,03-08-2024 16:36
668.343,57.12,36394756934,46156760944,01-08-2024 03:28,06-08-2024 02:35
502.7493,62.01,70657848518,77304088526,21-07-2024 11:28,22-07-2024 15:42
144.2559,99.71,91717311680,95042899077,04-07-2024 01:20,08-07-2024 10:05
67.2368,95.28,89003991655,96601656791,12-07-2024 21:32,14-07-2024 20:22
992.0661,59.72,49573513144,57377379156,02-07-2024 16:07,04-07-2024 01:47
992.7546,7.86,35775812684,37743737345,13-08-2024 08:40,16-08-2024 16:17
760.0749,98.05,46082827894,47296152299,12-07-2024 05:44,17-07-2024 01:48
657.0231,30.7,19271396797,27245078419,14-08-2024 10:27,20-08-2024 03:38
32.4667,19.26,49466363040,55999156322,12-08-2024 16:40,14-08-2024 01:08
65.3167,68.32,32960902132,42041161989,07-07-2024 00:53,09-07-2024 18:12
90.6,76.61,74434872643,84307604798,25-07-2024 07:31,29-07-2024 02:07
742.5462,29.67,40121800532,45367120844,14-08-2024 03:09,19-08-2024 14:12
961.1396,55.96,13441390615,15127259133,05-07-2024 15:29,11-07-2024 07:37
227.7202,54.59,79528411554,87175086484,06-07-2024 00:54,08-07-2024 02:20
960.8627,15.27,93545537622,98590543085,04-08-2024 02:23,06-08-2024 22:53
339.41,88.22,90527835813,92142710021,03-07-2024 12:51,09-07-2024 12:26
132.8637,68.3,67918645337,73433835245,08-07-2024 07:30,09-07-2024 21:19
102.9044,91.67,95888780202,1.05E+11,31-07-2024 02:06,04-08-2024 05:04
271.0462,74.75,44584192276,47193477596,15-08-2024 16:59,21-08-2024 03:45
940.1312,67.13,36054564196,37215668282,19-07-2024 10:32,24-07-2024 08:12
789.3788,32.32,97102223452,1.03E+11,03-08-2024 23:10,05-08-2024 17:38
64.1167,46.3,66523795050,68069673690,19-07-2024 23:26,22-07-2024 15:33
804.4451,99.56,50602995142,59486535960,05-07-2024 01:13,06-07-2024 07:09
16.8701,35.67,84728951352,86143096111,28-07-2024 19:53,03-08-2024 08:55
86.0206,0.17,4991176366,8627486927,24-08-2024 15:41,28-08-2024 22:58
107.9329,97.14,91345077372,95871025046,06-07-2024 11:18,12-07-2024 02:04
410.0347,24.22,69278146151,72893012474,07-07-2024 17:00,12-07-2024 07:22
58.0667,21.65,6419077674,12557263383,14-08-2024 14:50,17-08-2024 00:54
868.3373,48.26,86582029073,91881245355,17-08-2024 12:09,22-08-2024 03:54
103.5667,64.54,76959968688,84668376889,02-08-2024 23:55,07-08-2024 07:29
511.4297,14.87,60637102983,68397913897,19-07-2024 06:35,21-07-2024 00:30
536.385,58.59,11254718888,15903336432,28-08-2024 23:54,02-09-2024 23:21
50.7833,62.22,20012839291,24993496937,13-08-2024 19:31,15-08-2024 22:18
755.6246,40.49,94863560207,1.02E+11,10-07-2024 00:19,13-07-2024 06:46
500.0325,8.38,39575109900,48363862744,16-07-2024 05:09,20-07-2024 09:14
647.2573,83.58,69192548519,74267252272,25-07-2024 07:07,28-07-2024 22:08
325.0195,7.74,4134917123,11405712912,03-08-2024 16:43,08-08-2024 22:03
876.9623,69.75,48325139711,48893087132,06-07-2024 16:34,09-07-2024 09:33
324.1135,53.21,56424730118,64549627602,19-07-2024 12:19,23-07-2024 02:49
269.1385,0.15,89921435525,96947138575,20-07-2024 17:12,23-07-2024 00:45
955.6515,17.81,19838594075,19871372484,27-07-2024 19:28,29-07-2024 13:39
251.7631,48.02,17720150775,21629763823,07-07-2024 14:03,11-07-2024 11:10
474.1196,99.31,23586761723,23997356455,17-08-2024 14:56,21-08-2024 09:03
992.5085,43.51,19452817894,20430806523,12-08-2024 04:55,14-08-2024 20:36
531.6863,53.93,3696418486,12776658300,02-07-2024 18:46,07-07-2024 02:27
26.6167,14.82,88644466509,88993172945,08-08-2024 04:57,09-08-2024 07:34
555.9826,2.24,30995393336,34105264509,15-08-2024 10:39,17-08-2024 14:38
335.4807,74.51,43819259319,45650656604,24-07-2024 08:29,30-07-2024 01:45
906.43,97.03,16632427891,17804809971,09-07-2024 09:21,14-07-2024 02:52
385.5739,69.4,62397005339,72290287263,21-08-2024 22:16,26-08-2024 10:28
127.3833,9.36,11088197445,17528929285,10-08-2024 17:20,16-08-2024 00:43
587.1242,24.73,38218995247,46836316447,02-07-2024 00:58,06-07-2024 01:13
385.5698,92.06,28186130091,36292243677,21-08-2024 17:41,24-08-2024 15:19
85.8,56.82,33548048805,36196607093,30-06-2024 18:47,04-07-2024 08:35
135.0333,88.6,15437392711,18692105460,12-08-2024 22:30,18-08-2024 13:32
597.679,35.52,20441832450,29605942425,30-07-2024 14:05,01-08-2024 14:18
359.8386,95.36,76642890596,85066947042,27-08-2024 15:03,31-08-2024 23:33
419.7798,32.05,46826161996,52000297359,21-07-2024 04:58,23-07-2024 05:49
491.2257,43.21,86188507705,89910078944,26-07-2024 06:13,28-07-2024 21:25
91.8667,32.28,90325073305,96842013834,25-08-2024 10:20,29-08-2024 06:12
450.6231,60.91,98546508449,1.03E+11,02-08-2024 15:50,05-08-2024 08:45
531.0639,75.38,39898883632,48932096910,01-07-2024 09:54,05-07-2024 10:35
478.0201,45.44,47088754447,47787130207,21-08-2024 18:47,24-08-2024 10:23
129.2667,48.49,18073950898,25067618553,24-07-2024 10:04,29-07-2024 19:20
527.3959,53.57,10768910855,12865903297,16-07-2024 04:38,17-07-2024 10:00
868.9443,7.93,21532985039,26104172138,05-07-2024 21:34,08-07-2024 06:45
74.9833,59,65244828596,74874600281,25-07-2024 22:38,29-07-2024 01:37
152.2884,97.7,12626016997,15447062894,24-07-2024 11:41,29-07-2024 05:57
323.1606,3.71,66009372373,67621477871,27-07-2024 02:23,28-07-2024 08:06
130.15,95.19,5905788046,14895918364,28-08-2024 08:27,02-09-2024 18:36
376.4622,13.08,42831912294,43777704078,03-08-2024 09:32,06-08-2024 16:14
824.8213,87.46,39375271299,46063949220,08-08-2024 21:45,11-08-2024 02:52
54.4,20.38,94605229974,1.00E+11,09-07-2024 17:20,11-07-2024 23:44
96.0667,61.98,71692174147,78570702375,23-07-2024 06:54,27-07-2024 06:58
272.1443,78.11,75506655290,82281017569,27-07-2024 15:18,29-07-2024 14:50
467.4799,46.41,74983292030,76754044332,24-07-2024 19:33,29-07-2024 05:13
473.736,1.34,12401813630,18213069052,18-08-2024 02:24,23-08-2024 23:24
229.216,82.75,8719227748,15568269776,18-07-2024 23:36,21-07-2024 15:03
737.7243,84.02,41209869585,42827664168,21-08-2024 08:33,26-08-2024 11:51
480.9411,77.93,9465505252,14108034396,30-07-2024 07:15,03-08-2024 01:29
188.1078,56.02,55533361230,63763786010,20-08-2024 13:06,23-08-2024 08:24
131.4516,29.46,7043800643,15105140024,24-07-2024 03:14,25-07-2024 11:33
334.1195,89.13,84348089965,91125972851,06-07-2024 20:33,10-07-2024 10:18
934.7773,60.89,28268074454,30822480444,30-07-2024 16:42,01-08-2024 01:44
132.65,76.25,22472644762,24049584401,21-07-2024 05:54,26-07-2024 18:33
955.8838,73.05,24165580908,32583510276,18-08-2024 20:01,24-08-2024 04:46
84.4333,16.18,4338182587,8628537868,20-08-2024 01:44,23-08-2024 14:10
945.9349,2.21,12046826888,17548421383,14-07-2024 11:36,19-07-2024 23:33
78.7333,28.89,36974776658,44212027600,26-08-2024 15:04,29-08-2024 21:48
747.5286,99.27,89313187681,94130910810,06-08-2024 14:09,08-08-2024 11:15
597.1564,59.22,14203586534,16388689847,08-08-2024 06:15,14-08-2024 04:26
458.406,86.76,3871554594,7171572125,20-07-2024 14:28,23-07-2024 12:48
624.6729,37.12,36700200498,39984223729,02-08-2024 05:59,06-08-2024 03:48
748.3421,70.54,47338870319,48505753593,18-07-2024 16:38,20-07-2024 09:14
11.5256,88.75,41389322836,43470819291,13-08-2024 19:51,17-08-2024 21:24
289.7888,49.21,83185498241,88970489424,17-07-2024 19:28,21-07-2024 16:48
957.1176,80.93,2577353951,7390046126,21-08-2024 08:30,25-08-2024 01:31
130.2,92.54,16242121259,16940521860,14-08-2024 16:39,20-08-2024 02:51
193.7868,43.96,98898014103,1.04E+11,25-08-2024 11:07,28-08-2024 13:59
165.5867,49.06,27863103086,28191939191,17-07-2024 18:39,22-07-2024 00:58
32.85,23.43,26704872779,33422677812,20-07-2024 08:55,21-07-2024 17:46
98.6,81.13,12064722865,18929788829,14-08-2024 03:02,18-08-2024 05:38
513.8208,58.21,55706638511,65365610378,31-07-2024 09:23,04-08-2024 10:09
151.9106,49.47,81265407319,81856337678,29-07-2024 15:51,02-08-2024 16:09
33.5644,64.51,14816960426,16678511128,05-08-2024 06:07,06-08-2024 19:21
81.9667,9.11,2733413636,11394335199,27-08-2024 01:07,30-08-2024 11:05
91.2833,49.39,22028437577,27660730423,08-08-2024 06:32,12-08-2024 01:49
285.4157,61.17,90250268485,93158127891,25-07-2024 04:56,29-07-2024 03:30
920.1814,11.67,41021653388,41645168947,01-08-2024 16:15,03-08-2024 21:48
172.8983,65.78,40690406858,42071342892,15-07-2024 14:39,16-07-2024 21:20
797.1267,47.26,49133289978,57067243038,28-07-2024 13:29,31-07-2024 03:59
969.2377,75.63,66245831479,68572243374,08-08-2024 07:07,11-08-2024 05:18
41,12.48,67740447477,72345991079,27-07-2024 15:14,29-07-2024 08:14
29.4333,42.37,59618341689,62544877344,15-07-2024 08:52,16-07-2024 14:18
527.2681,61.56,26482469626,27726221853,04-07-2024 11:56,08-07-2024 22:22
479.0396,42.92,85684453033,92660908223,13-08-2024 04:32,18-08-2024 04:13
380.5532,72.64,38592698190,43204718062,07-07-2024 04:23,10-07-2024 13:01
85.9833,53.92,62733736295,63469831841,22-07-2024 10:33,26-07-2024 00:32
229.8575,57.46,38855757756,47760727242,13-08-2024 03:34,18-08-2024 15:06
40.5167,72.28,66864225934,75372480341,04-07-2024 09:45,06-07-2024 02:16
83.7833,76.93,8648174636,11656487141,06-08-2024 18:56,10-08-2024 06:43
951.3968,12.4,77197161447,83422102658,17-07-2024 00:26,21-07-2024 09:36
70.2611,79.35,25349910366,34833914449,18-08-2024 09:16,21-08-2024 19:17
238.7864,5.93,57070039373,58938060747,10-07-2024 13:30,13-07-2024 21:00
922.9486,76.92,65876897775,70949514077,14-08-2024 17:10,15-08-2024 17:23
725.2437,8.5,53813909020,59457074076,02-08-2024 20:29,05-08-2024 20:48
105.8667,61.54,61905026501,69711964110,19-08-2024 17:28,24-08-2024 03:20
104.3167,68.9,97238146056,1.00E+11,08-08-2024 03:39,12-08-2024 11:58
93.7206,37.37,84776844257,86967576280,13-08-2024 13:41,17-08-2024 03:15
856.1696,91.24,3379128365,13278666797,21-07-2024 05:23,22-07-2024 06:12
698.9762,57.55,4379117542,9661924322,07-08-2024 03:26,10-08-2024 14:03
30.4465,99.65,1657331870,2827341389,03-07-2024 22:41,06-07-2024 18:20
71.3667,83.66,63346149998,72045495081,15-07-2024 19:44,18-07-2024 19:06
699.0504,53.13,99559644545,1.00E+11,15-07-2024 02:11,20-07-2024 10:09
511.0128,11.45,80653163423,81552719599,17-08-2024 19:52,19-08-2024 22:10
169.8362,75.4,60578679054,62836495997,17-08-2024 20:33,22-08-2024 02:54
77.6,94.98,7315814339,16166250549,28-07-2024 09:30,31-07-2024 15:06
142.6833,71.19,71678352875,72257386501,07-07-2024 08:52,13-07-2024 07:33
110.75,53.2,53292001133,58798521388,03-08-2024 19:23,08-08-2024 10:08
116.6333,8,31692931997,33577946780,11-08-2024 04:44,16-08-2024 01:22
401.5322,65.74,50360694511,55594084151,02-08-2024 23:28,05-08-2024 21:54
845.8993,0.45,24203029756,26123790688,14-08-2024 04:13,18-08-2024 10:41
257.9384,71.17,71763559810,72012540203,06-08-2024 18:06,08-08-2024 12:30
233.7572,24.38,99690425133,1.09E+11,30-07-2024 19:34,03-08-2024 16:32
58.6417,29.67,67588218560,76761827056,25-07-2024 22:39,27-07-2024 13:03
843.6341,25.09,26899850210,28175416976,16-08-2024 19:38,19-08-2024 03:05
18.7376,79.92,14266501219,22415620737,18-08-2024 13:17,22-08-2024 23:13
42.3,59.91,23645124707,29861999523,01-07-2024 02:06,02-07-2024 20:24
22.134,45.38,91843197769,94169203781,21-07-2024 18:42,26-07-2024 09:54
586.1986,58.98,14979783091,18422117013,03-07-2024 00:41,04-07-2024 07:48
296.0929,3.02,96432133470,1.03E+11,28-08-2024 13:13,31-08-2024 10:09
233.0245,68.7,52144618310,58883692028,01-07-2024 00:13,05-07-2024 22:14
365.1951,3.78,59688317254,65131560182,15-08-2024 10:01,18-08-2024 04:45
743.4157,35.5,52672910291,62148639286,15-08-2024 21:00,18-08-2024 05:25
338.8579,19.14,12713936435,19316006416,31-07-2024 11:48,05-08-2024 17:53
118.4167,67.77,65766089414,74996129989,17-08-2024 23:23,22-08-2024 21:48
61.0941,47.88,86373536028,91987231536,05-07-2024 20:36,10-07-2024 08:09
698.7765,53.88,15702113681,16748005664,04-07-2024 21:28,09-07-2024 22:23
328.5871,78.62,98551362779,1.04E+11,16-08-2024 14:27,19-08-2024 08:05
478.2343,43.45,78305234617,86533417392,18-07-2024 16:01,24-07-2024 13:53
92.4167,81.9,87648117518,89269249455,06-07-2024 12:26,10-07-2024 08:51
679.2041,98.92,59160783943,61202982896,21-08-2024 18:56,23-08-2024 03:33
280.1796,82.61,16767803634,24702899081,12-07-2024 15:31,18-07-2024 04:54
416.5054,89.32,78376768286,85710609210,09-07-2024 19:20,15-07-2024 14:47
810.033,2.97,31889502464,32098235845,13-08-2024 04:25,15-08-2024 10:22
115.0667,54.32,43700610779,48781743713,08-08-2024 10:21,13-08-2024 05:25
991.6019,92.88,32831863634,38701169803,13-07-2024 18:40,19-07-2024 10:47
41.45,88.97,55443426727,62191421741,23-08-2024 14:27,25-08-2024 07:54
613.0738,32.38,66431832313,67722022588,23-07-2024 03:21,27-07-2024 00:30
195.6873,65.79,66015169910,71506596862,25-07-2024 18:41,27-07-2024 15:18
994.9911,36.04,55869074709,57099202508,12-08-2024 09:20,17-08-2024 08:35
110.5,54.59,32991739742,39729741599,02-08-2024 22:30,07-08-2024 13:00
93.0837,7.33,95481842905,99568233782,27-08-2024 04:57,31-08-2024 20:02
77.9,78.83,92942659630,93472597444,12-08-2024 20:35,16-08-2024 02:29
702.8504,17.79,10655239773,18508901027,23-07-2024 11:34,24-07-2024 22:06
882.3972,38.05,45169397512,54583521857,01-07-2024 16:40,05-07-2024 20:30
95.6382,46.47,21696064512,24439232161,21-07-2024 04:11,24-07-2024 16:37
494.502,29.77,86182660634,87998260723,28-07-2024 09:27,29-07-2024 22:13
922.602,26.96,42388780819,47250108241,22-07-2024 10:43,27-07-2024 18:29
250.9953,44.11,46527911504,51328599957,24-08-2024 17:08,27-08-2024 20:39
289.8287,8.77,94296289933,1.03E+11,09-07-2024 11:52,12-07-2024 01:05
265.6305,13.61,73610364832,80068828866,21-07-2024 11:35,23-07-2024 13:10
135.35,64.56,22637099957,23764552187,30-07-2024 23:55,05-08-2024 15:16
799.878,51.03,47731592778,57265004862,08-08-2024 05:23,12-08-2024 18:25
137.0785,68.78,59076497181,68646718360,30-07-2024 17:37,05-08-2024 12:42
130.9667,30.4,20878335863,22466351666,16-07-2024 01:23,21-07-2024 12:21
60.418,73.04,65950112568,67804396568,04-08-2024 14:38,05-08-2024 23:00
571.2061,96.9,15610460343,18782478171,07-08-2024 21:49,10-08-2024 00:44
62.0833,5.5,98016293910,1.08E+11,19-07-2024 00:09,21-07-2024 14:14
453.6261,43.49,68066971596,75145648010,09-07-2024 13:24,15-07-2024 02:39
274.034,11.9,4382792397,9767562785,25-07-2024 01:00,26-07-2024 21:50
676.4654,2.68,87271684521,90506586119,12-08-2024 00:16,16-08-2024 19:00
547.5155,93.59,65049379625,71696600966,16-07-2024 18:05,19-07-2024 20:27
401.4413,46.83,10445114237,15856476534,19-08-2024 22:23,24-08-2024 06:45
427.4798,58.13,58274943500,63345882101,23-07-2024 20:09,27-07-2024 13:20
615.3185,16.34,38141912140,44961747527,19-08-2024 21:55,25-08-2024 17:34
923.9322,7.35,69202029280,73959120285,09-07-2024 04:45,10-07-2024 15:26
523.1705,63.29,70920563187,77653883062,08-08-2024 10:27,14-08-2024 09:13
38.4,8.55,58846129490,59441536233,08-07-2024 07:00,09-07-2024 21:24
577.191,5.13,66605578559,69688806846,15-07-2024 00:10,17-07-2024 18:23
320.712,51.38,6365195429,8569198627,05-08-2024 14:45,10-08-2024 04:45
25.9515,36.35,60113044013,62635393177,16-07-2024 15:16,20-07-2024 01:41
216.1408,44.68,54360034912,58284153066,06-08-2024 22:37,09-08-2024 15:21
405.8485,0.06,74333715439,81951096832,10-08-2024 21:29,13-08-2024 14:54
82.8667,58.16,40399318096,48297071888,04-08-2024 09:27,07-08-2024 20:19
108.1187,65.62,16232800047,19510703401,05-08-2024 11:05,07-08-2024 16:37
371.4837,92.77,33496707994,39632106621,02-08-2024 01:39,05-08-2024 08:21
940.2852,81.75,14077225055,20563440420,14-07-2024 01:18,16-07-2024 11:22
134.4698,73.31,78806557651,81285853739,06-07-2024 00:29,07-07-2024 23:32
267.6789,21.38,53588211707,62149387590,16-07-2024 02:46,19-07-2024 04:02
138.2667,88.59,46054613143,50682032060,03-07-2024 08:36,09-07-2024 02:52
112.55,35.7,5111385877,6501324003,20-08-2024 21:57,25-08-2024 14:30
381.5112,62.25,60174329539,64004040156,22-07-2024 16:27,28-07-2024 02:16
896.8482,41.92,92219059947,1.02E+11,24-08-2024 07:22,26-08-2024 04:31
45.4336,67.64,46536399963,53165909418,06-08-2024 21:27,09-08-2024 08:23
483.5996,3.75,52489355406,58053628767,08-08-2024 06:26,11-08-2024 19:58
833.4644,44.35,3437493141,6431679144,21-07-2024 17:43,24-07-2024 01:50
336.8194,81.41,28049316982,31461262667,15-08-2024 18:20,19-08-2024 08:52
645.5661,78.94,9185164573,17039727483,15-08-2024 10:31,20-08-2024 02:23
184.1868,19.59,3327188954,8818634400,27-07-2024 11:37,01-08-2024 07:45
118.8667,51.91,17654042718,26546624938,17-08-2024 08:40,22-08-2024 07:32
466.6962,40.42,79766617491,88136650406,01-08-2024 00:18,03-08-2024 23:54
129.45,8.92,11207230058,17444929033,05-07-2024 10:24,10-07-2024 19:51
479.1793,33.56,80918182788,83320113115,24-07-2024 08:14,26-07-2024 08:09
982.2498,17.08,13345361356,13858425661,08-07-2024 12:55,12-07-2024 11:48
194.8714,18.2,97735710909,1.04E+11,27-07-2024 02:20,01-08-2024 02:20
995.4,32.11,37777140467,38001018152,18-07-2024 03:51,19-07-2024 09:41
83,68.3,83987459484,84757771662,22-07-2024 06:08,25-07-2024 17:08
616.4254,32.51,25286343338,27269641999,14-07-2024 15:47,20-07-2024 09:15
136.75,4.02,6223155302,10482162987,03-08-2024 15:34,09-08-2024 08:19
45.1096,6.62,5964998640,14068838454,06-07-2024 10:53,08-07-2024 06:09
948.5312,74.25,57735263274,58051523084,15-07-2024 02:42,17-07-2024 22:58
457.1743,50.29,47312241597,53532146138,28-08-2024 15:03,02-09-2024 05:10
40.4833,85.18,24102967462,28484820198,02-07-2024 20:56,04-07-2024 13:25
89.5833,63.73,13766036928,14907381903,27-08-2024 13:56,31-08-2024 07:31
203.1992,40.52,63199644696,63454138860,15-07-2024 13:56,17-07-2024 11:43
407.7949,9.69,54268857907,62015184822,28-08-2024 01:58,30-08-2024 07:14
210.4333,84.06,68388437354,76892712268,24-07-2024 04:21,27-07-2024 11:12
687.6223,71.14,38892223577,40407543548,02-07-2024 14:58,06-07-2024 07:24
479.8823,77.45,72020991027,72727629424,28-08-2024 17:20,31-08-2024 05:01
109.9833,32.21,16213958271,19574357777,12-07-2024 10:43,17-07-2024 00:42
277.6608,66.09,73947753429,74062804247,08-08-2024 07:37,10-08-2024 13:13
941.414,68.48,4028608736,10733576597,09-07-2024 15:25,14-07-2024 23:33
381.8599,4.46,41790748625,43925495516,19-07-2024 22:25,25-07-2024 03:22
747.7278,29.11,57109742860,66197385049,06-08-2024 06:33,08-08-2024 14:03
515.3703,20.74,88335739819,96914457716,12-07-2024 17:43,15-07-2024 07:54
71.4,60.35,1031886918,2820539317,19-07-2024 18:28,22-07-2024 17:52
177.7278,40.15,92640197584,92794051251,10-07-2024 18:36,12-07-2024 10:07
70.9,99.65,69458668373,74057033715,21-07-2024 08:55,24-07-2024 07:49
417.5436,26.2,83207228959,87342143354,27-07-2024 12:30,02-08-2024 11:18
64.1684,98.89,28166238801,33532968220,07-08-2024 08:44,10-08-2024 15:48
119.3159,22.8,2857084277,10388720149,24-07-2024 06:49,28-07-2024 19:12
62.4667,13.03,56299065995,58695200121,26-07-2024 21:49,29-07-2024 12:17
60.7,38.88,34279058769,34342664992,08-07-2024 14:28,11-07-2024 03:10
331.7406,8.42,81905519820,86264730884,16-08-2024 06:06,20-08-2024 21:26
125.55,17.84,75269655994,80834842700,26-08-2024 01:14,31-08-2024 06:47
163.075,20.21,78724192890,83475645504,03-08-2024 02:12,08-08-2024 05:54
724.7898,73.18,78477752098,88271877239,26-07-2024 09:39,31-07-2024 19:10
589.1842,69.14,87811828441,94364577288,29-08-2024 15:21,03-09-2024 14:19
295.4871,38.52,3592743618,7584104509,10-07-2024 17:18,12-07-2024 06:23
93.4167,39.06,99747398472,1.06E+11,13-08-2024 08:15,17-08-2024 05:40
46.3667,26.96,28651012140,36341944171,27-07-2024 11:07,29-07-2024 09:29
406.9697,75.97,71136873838,79539464593,29-07-2024 09:30,31-07-2024 14:19
778.2469,1.26,24624786354,32975101756,27-08-2024 23:40,29-08-2024 21:42
118.1,84.66,4773068726,5717129990,03-07-2024 20:46,08-07-2024 18:52
86.9833,95.91,70761031842,79512127244,10-07-2024 12:05,14-07-2024 03:04
406.7662,61.25,36836744438,44586206736,23-07-2024 16:50,25-07-2024 12:07
675.0447,31.52,34586931717,43826455816,29-07-2024 00:28,30-07-2024 15:50
152.5828,31.48,74586150767,81343833263,19-07-2024 09:33,20-07-2024 23:16
250.3807,78.41,56910738249,57959808540,03-07-2024 21:21,07-07-2024 19:42
376.8075,20.6,39391998186,44986088106,02-08-2024 03:07,07-08-2024 04:02
881.6954,29.61,52142857257,54045175891,10-08-2024 02:40,13-08-2024 13:11
468.1951,92.1,81939046283,86683174597,04-08-2024 06:10,08-08-2024 16:29
113.9094,60.01,25364257534,35178408351,01-07-2024 21:22,07-07-2024 12:29
23.909,68.87,37307161780,39665526563,19-07-2024 07:23,20-07-2024 23:15
79.1905,98.14,86611985073,88475289609,17-08-2024 09:17,18-08-2024 15:53
366.9656,84.63,40233865968,49040528356,18-07-2024 06:30,23-07-2024 02:34
117.0833,87.35,51699509941,56177287267,06-08-2024 05:50,11-08-2024 02:55
105.0167,60.48,93138542890,93485815275,16-08-2024 23:35,21-08-2024 08:36
636.7192,69.63,3777085117,6701606221,04-07-2024 12:00,10-07-2024 08:40
753.0083,26.45,72340339037,74874466857,08-07-2024 19:27,13-07-2024 19:55
460.4479,68.88,73702127574,74049499148,11-08-2024 21:30,15-08-2024 17:33
103.3,18.42,40692757568,45569071764,31-07-2024 00:35,04-08-2024 07:53
618.0578,37.03,88779763311,89159125555,05-08-2024 04:10,07-08-2024 13:35
788.1574,13.67,57395783635,66477797434,04-08-2024 07:26,06-08-2024 16:56
217.147,27.43,83416670685,88105164618,01-08-2024 06:24,05-08-2024 01:48
116.3833,93.19,53504390791,58269033764,14-07-2024 01:53,18-07-2024 22:16
34.35,43.47,63239879907,65056157071,04-08-2024 08:13,05-08-2024 18:34
375.6492,29.57,50490854855,60271962685,13-07-2024 18:09,15-07-2024 14:37
73.45,56.31,93719184439,1.00E+11,04-08-2024 04:48,07-08-2024 06:15
53.5267,15.56,51211702000,58407799456,11-08-2024 02:18,12-08-2024 10:53
64.4,73.65,7858161709,11020796310,08-07-2024 11:05,11-07-2024 03:29
335.9038,63.9,95554380366,98928289894,01-08-2024 01:40,02-08-2024 12:34
290.508,64.4,82517483439,90231208571,02-07-2024 08:34,06-07-2024 15:44
998.0055,72.52,71141485983,73658693575,16-08-2024 05:17,20-08-2024 10:05
129.6833,43.54,83812667148,90347364290,15-07-2024 10:52,20-07-2024 20:33
352.7508,2.34,6503092444,10855614594,08-07-2024 21:09,10-07-2024 14:12
564.102,18.88,3688312366,4358233797,08-07-2024 16:39,11-07-2024 15:10
898.8626,2.58,53035924242,63011001843,21-08-2024 04:37,24-08-2024 05:01
142.35,79.34,86268017228,86566473016,13-07-2024 18:30,19-07-2024 16:51
72.1167,30.82,89055577237,93163459140,24-07-2024 20:21,27-07-2024 20:28
342.8746,55.67,42891926185,46557880799,21-08-2024 02:59,24-08-2024 22:25
104.4167,77.76,46183519043,52895790556,08-07-2024 22:38,13-07-2024 07:03
98.75,82.78,58779022555,68138790366,30-07-2024 23:02,04-08-2024 01:47
29.9333,33.42,62393207408,64076790752,13-07-2024 19:17,15-07-2024 01:13
247.0655,79.69,19398010695,23641523168,20-07-2024 18:56,24-07-2024 11:51
529.6849,65.42,51345086472,54488299958,14-07-2024 14:11,19-07-2024 09:24
45.7667,92.04,31573493695,38621208749,11-07-2024 07:29,13-07-2024 05:15
123.1474,18.99,54377988584,58507427252,12-08-2024 01:47,16-08-2024 22:59
415.0475,65.15,61746897051,68053505667,11-08-2024 00:40,16-08-2024 20:33
562.1492,10.79,66518850001,73243258909,24-08-2024 23:13,28-08-2024 01:49
411.0275,57.33,65136667002,73782969971,18-07-2024 21:35,22-07-2024 08:06
137.2256,62.81,92639349360,96100658663,18-08-2024 00:40,23-08-2024 20:21
28.625,62.21,13767173260,23195002465,03-07-2024 04:47,04-07-2024 17:05
410.1007,22.24,71907689924,74007087023,11-08-2024 01:50,15-08-2024 21:43
930.9815,93.73,27914653321,35789645194,10-08-2024 10:38,12-08-2024 00:52
25.5167,27.55,99775084902,1.03E+11,27-08-2024 02:05,28-08-2024 03:36
707.5327,54.99,85654937298,88135069507,12-08-2024 02:56,14-08-2024 00:46
87.4167,41.38,54770195468,61177105089,22-07-2024 22:40,26-07-2024 14:05
116.0833,25.8,95116553397,1.05E+11,26-07-2024 15:36,31-07-2024 11:41
131.05,21.13,57269897913,59745397823,25-07-2024 21:00,31-07-2024 08:03
42.4428,75.12,39173049234,42992951761,19-08-2024 18:33,25-08-2024 05:02
577.1848,38.24,30752391797,39657922545,03-08-2024 05:30,07-08-2024 01:48
107.8333,78.6,30805503990,36559591178,19-07-2024 21:32,24-07-2024 09:22
353.0524,79.54,52962884609,58738624105,11-07-2024 04:53,13-07-2024 07:15
515.6089,85.75,88341396062,89182122222,16-08-2024 03:27,21-08-2024 03:26
975.6498,37.68,2399122689,3124427882,08-08-2024 03:49,09-08-2024 06:49
806.53,18.97,44920915235,54289153944,19-07-2024 02:37,21-07-2024 13:41
31.3667,35.2,89684150560,93368091791,22-07-2024 18:55,24-07-2024 02:17
56.7674,86.36,45663327294,48828713612,22-07-2024 00:53,23-07-2024 18:10
485.5364,70.34,57581322914,57670180278,25-08-2024 02:29,27-08-2024 13:25
50.2833,80.52,74408297866,81146963462,18-08-2024 06:44,20-08-2024 09:01
887.9699,45.55,85612385477,94510658821,11-07-2024 08:06,13-07-2024 14:31
109.15,46.61,79400349492,80102703395,01-08-2024 16:24,06-08-2024 05:33
625.8686,12.86,54839097396,58099887115,23-08-2024 03:50,28-08-2024 15:22
46.1,95.23,38955545333,42050153986,22-08-2024 06:22,24-08-2024 04:28
496.2727,66.17,1003429085,7770971775,18-08-2024 11:04,19-08-2024 23:33
299.7279,6.36,91124289122,96851845762,19-08-2024 15:52,24-08-2024 14:17
117.8769,94.48,53055192457,55777052222,16-08-2024 16:53,19-08-2024 23:57
64.3167,10.75,64401229845,68443558418,03-07-2024 18:48,06-07-2024 11:07
109.713,84.67,98622822131,1.02E+11,15-08-2024 23:34,20-08-2024 10:08
546.5469,98.75,49438110444,55728177096,01-08-2024 16:45,04-08-2024 13:19
584.1002,36.26,76647365947,84035454490,24-07-2024 17:18,26-07-2024 17:56
510.6689,79.13,60470173731,60672911269,24-07-2024 15:38,30-07-2024 03:18
32.8167,73.99,17702733118,20832837855,23-08-2024 15:01,24-08-2024 23:50
301.1685,64.93,33639295727,36839965337,20-08-2024 13:50,23-08-2024 13:12
744.5,94.09,46437633971,46495564971,27-08-2024 06:09,01-09-2024 13:57
931.8438,38.82,87922833079,97539696374,10-07-2024 16:07,16-07-2024 10:06
769.3033,50.16,45773425452,49557900371,19-07-2024 07:12,24-07-2024 11:02
105.55,3.37,54964652526,55978858331,13-07-2024 09:15,17-07-2024 18:48
754.5171,41.13,80156463931,83917965863,09-08-2024 15:30,12-08-2024 04:40
948.2171,22.26,97371163399,98298454729,01-08-2024 11:01,06-08-2024 12:24
446.4162,44.43,49120972614,57160333323,18-08-2024 08:36,22-08-2024 10:09
394.3393,84.72,29992475352,38236530466,26-07-2024 09:17,30-07-2024 22:04
32.35,57.31,61403398421,67219029920,20-07-2024 21:13,22-07-2024 05:34
163.497,88.64,1075058312,8444601500,08-08-2024 04:09,13-08-2024 08:26
570.1344,6.2,63118343231,70812583160,22-07-2024 02:00,24-07-2024 03:49
548.395,13.18,64482162259,67883170958,09-07-2024 23:43,12-07-2024 05:03
793.0592,64.73,37069716948,44355873519,25-08-2024 16:14,27-08-2024 12:23
975.0557,78.98,13536351212,15874339023,25-07-2024 14:39,28-07-2024 10:57
709.8165,77.27,78065298345,78889159750,21-08-2024 15:30,26-08-2024 20:19
867.3309,93.94,24385888545,33204791604,17-07-2024 16:42,20-07-2024 17:50
528.3413,0.05,37307285450,40101055025,10-07-2024 17:13,14-07-2024 13:09
639.0835,24.8,47512963582,48898638003,17-07-2024 00:37,21-07-2024 08:41
645.113,79.78,54561715828,60378719013,18-07-2024 19:27,19-07-2024 23:46
40.7426,48.74,1084525696,1908409950,21-08-2024 04:55,25-08-2024 17:27
126.35,83.1,1147988415,2039725231,09-07-2024 16:58,14-07-2024 23:19
99.439,32.08,27035224267,30966799762,14-08-2024 22:35,19-08-2024 16:28
920.6326,98.57,54809300779,55666754879,01-08-2024 08:09,04-08-2024 16:19
101.9333,88.82,63709431289,70241940966,28-07-2024 23:43,02-08-2024 05:39
717.5885,79.24,81736099653,88202065814,01-07-2024 03:32,02-07-2024 14:33
120.0333,95.69,41531939962,43212400155,13-08-2024 15:43,18-08-2024 15:45
395.5674,52.88,32232166555,37663255388,19-07-2024 16:57,24-07-2024 00:15
587.3453,63.44,46826151869,48304722578,11-07-2024 08:54,13-07-2024 10:33
324.2647,40.23,55430618756,56713923891,04-07-2024 01:45,07-07-2024 11:41
614.073,19.8,20383355094,22444401768,21-07-2024 02:58,22-07-2024 07:00
807.3648,76.75,77535591565,77780082072,08-08-2024 00:37,11-08-2024 21:32
16.8857,46.66,58620649414,60728572134,31-07-2024 01:28,02-08-2024 01:50
407.0216,45.75,54433106770,63658957107,29-07-2024 16:25,02-08-2024 03:18
953.947,84.53,25150370134,26991644659,26-08-2024 18:02,30-08-2024 05:36
765.118,77.63,60151911059,63678591085,07-07-2024 13:44,12-07-2024 12:33
67.65,11.6,54241583252,59300414025,08-07-2024 01:41,10-07-2024 21:20
112.4167,2.99,27372833458,34999187336,23-07-2024 12:41,28-07-2024 05:06
134.2333,64.78,86766791508,90442562221,01-07-2024 17:03,07-07-2024 07:17
26.9667,52.87,32172473599,36455010138,04-08-2024 10:51,05-08-2024 13:49
91.8667,71.61,68957858292,72151157511,03-07-2024 23:57,07-07-2024 19:49
92.7,89.11,74236760939,80802624246,30-07-2024 11:14,03-08-2024 07:56
527.927,3.09,37778937466,46123023685,03-08-2024 00:59,08-08-2024 18:04
661.2917,24.84,91385878855,94431571544,03-08-2024 06:01,09-08-2024 01:43
553.5392,17.41,88206941777,89059310119,12-08-2024 21:42,16-08-2024 19:28
103.15,33.3,13312165667,20689261384,10-08-2024 11:07,14-08-2024 18:16
175.9606,90.66,47065624520,47532415414,01-08-2024 10:35,06-08-2024 13:35
765.7001,94.51,8522565438,9691206489,11-08-2024 06:56,14-08-2024 03:46
526.0473,85.96,21758984558,22007967520,12-08-2024 11:22,14-08-2024 12:05
749.8458,37.77,51132749322,59370257849,06-07-2024 19:49,09-07-2024 22:12
109.8833,56.67,34795591732,35121822183,23-08-2024 22:28,28-08-2024 12:21
450.7195,71.14,66761864180,71076500379,14-08-2024 18:08,17-08-2024 00:57
132.7167,12.98,65154191816,71604577471,23-07-2024 08:53,28-07-2024 21:36
906.4412,91.43,78793454310,84831401209,22-08-2024 07:16,24-08-2024 04:52
138.45,1,8497823584,12491610322,02-08-2024 09:11,08-08-2024 03:38
994.506,10.4,52643788421,53796037302,03-07-2024 12:29,07-07-2024 03:42
79.2424,75.84,94036329618,98895434764,03-07-2024 03:46,08-07-2024 15:53
569.517,47.53,68319038330,77502869111,06-08-2024 18:40,08-08-2024 16:32
364.2323,58.32,69480115831,74023232018,05-07-2024 13:27,09-07-2024 10:25
273.6464,34.12,52173189329,61683620439,19-08-2024 22:11,25-08-2024 21:08
845.0349,65.25,75758823867,82374899210,21-07-2024 14:13,23-07-2024 12:11
369.9806,60.36,37635039600,38102762007,01-07-2024 02:48,05-07-2024 04:10
805.6513,53.72,51944180329,58006946262,01-07-2024 15:32,03-07-2024 12:43
128.9667,59.04,78397568587,86790014321,20-07-2024 06:02,25-07-2024 15:00
840.7866,19.53,12859809582,18748453944,18-08-2024 13:41,22-08-2024 15:55
524.3262,21.04,85399822660,87362033805,29-07-2024 02:55,31-07-2024 20:45
146.3289,69.53,75815855310,83358255319,25-08-2024 07:47,28-08-2024 19:51
979.532,33.65,28103457034,34084735663,07-07-2024 22:25,13-07-2024 12:29
313.9518,87.12,8742956924,16294699180,04-08-2024 06:28,08-08-2024 13:38
132.6833,73.41,67560162667,76680669575,22-08-2024 11:36,28-08-2024 00:17
143.7667,79.32,80974628179,87896879355,15-07-2024 18:12,21-07-2024 17:58
114.5333,87.12,34053044273,34139736566,09-08-2024 20:25,14-08-2024 14:57
91.8437,45.37,62016239417,66467457936,12-07-2024 19:28,14-07-2024 02:00
283.4613,82.22,53579415957,54054318649,31-07-2024 00:50,04-08-2024 06:42
156.8948,52.3,71864987424,75402314789,06-07-2024 15:58,11-07-2024 20:24
124.3833,69.06,13989750870,16209140144,27-08-2024 04:04,01-09-2024 08:27
337.8574,85.58,42286662930,42526481446,10-08-2024 18:58,16-08-2024 07:20
92.6792,51.25,37088440029,47028071539,27-07-2024 07:38,30-07-2024 16:42
466.4178,77.26,40823083814,41455680327,23-07-2024 17:08,25-07-2024 06:36
263.0482,48.44,69487180961,78309360135,07-07-2024 10:30,12-07-2024 00:33
650.7964,50.55,49952769831,53603450248,19-08-2024 14:05,25-08-2024 12:57
101.65,6.12,70152644150,77939261927,28-08-2024 18:22,02-09-2024 00:01
887.5022,23.88,88253570412,94332643638,20-08-2024 02:10,22-08-2024 09:51
496.9294,62.45,42359936599,52153559965,18-07-2024 05:47,21-07-2024 19:18
92.5512,85.75,90576095043,96470776156,16-07-2024 09:36,21-07-2024 18:02
346.6752,80.96,28698797112,36231433469,02-07-2024 11:20,08-07-2024 05:14
562.4955,55.44,29991632738,33149597955,25-08-2024 05:34,29-08-2024 08:49
922.2978,34.33,65971441196,72148237230,06-07-2024 10:10,12-07-2024 09:43
248.0948,3.98,89767050146,95190480103,06-08-2024 01:01,11-08-2024 15:41
169.6846,9.72,77891960564,80290494361,05-08-2024 06:06,10-08-2024 00:38
879.1095,36.35,99384435137,1.03E+11,26-07-2024 11:26,31-07-2024 06:20
435.086,95.51,74957443833,77986352608,03-07-2024 08:42,06-07-2024 00:54
32.4517,43.53,88791419619,89178594951,02-08-2024 04:11,05-08-2024 05:28
345.169,44.23,24693488729,33487450024,19-07-2024 04:11,22-07-2024 01:31
435.3222,12.19,15463764402,20309748109,08-07-2024 22:55,11-07-2024 08:02
46.4,41.26,12800826448,20492021853,28-07-2024 01:37,30-07-2024 00:01
588.0864,96.27,83615331252,91433612999,15-07-2024 13:40,20-07-2024 10:35
551.7888,22.38,91262089886,96432298119,05-08-2024 04:32,09-08-2024 18:36
122.3167,99.3,67416968205,71014369848,24-07-2024 22:24,30-07-2024 00:43
461.6625,88.4,48517654747,51017193709,28-07-2024 19:49,01-08-2024 07:58
360.35,93.46,11333949670,12295147258,02-07-2024 17:46,05-07-2024 10:19
174.6175,13.63,70047833308,76021354280,15-07-2024 19:47,20-07-2024 14:02
386.65,81.79,67608118188,68766595836,15-07-2024 10:53,20-07-2024 13:54
26.8333,51.91,14301676109,22308097117,23-08-2024 01:59,24-08-2024 04:49
684.6191,28.62,60974905611,62319608528,28-07-2024 16:33,03-08-2024 05:58
193.0226,74.98,53523273097,56660906517,24-08-2024 06:48,26-08-2024 03:07
107.6333,86.33,10562894177,16220253103,12-08-2024 03:34,16-08-2024 15:12
386.6959,62.27,44103227816,48691383713,27-08-2024 18:59,31-08-2024 08:26
490.5874,85.69,48701052634,51880282611,08-07-2024 00:22,11-07-2024 05:33
107.3667,76.03,7099000133,14254865577,28-08-2024 16:15,02-09-2024 03:37
820.0826,36,45591857672,50015438648,10-08-2024 18:57,16-08-2024 16:21
215.9883,13.91,42687364956,44985847465,25-08-2024 14:18,28-08-2024 23:44
255.9859,18.18,68083241730,70085717043,10-08-2024 04:58,12-08-2024 02:34
125.4,86.87,42088709475,46109484906,07-08-2024 12:50,12-08-2024 18:14
46.5333,89.58,88567934458,90628716284,18-07-2024 12:15,20-07-2024 10:47
35.0333,59.3,29109235817,37980309491,16-07-2024 11:47,17-07-2024 22:49
57.958,16.01,42518402531,49418672792,19-07-2024 08:33,20-07-2024 11:17
419.7062,57.85,80869010194,88465873107,10-07-2024 05:31,13-07-2024 11:37
426.0389,10.48,86788522803,87955262019,28-07-2024 02:53,29-07-2024 11:48
265.7357,84.58,70457004515,78234831218,22-07-2024 22:20,27-07-2024 10:10
988.0913,77.86,93395819976,97172248054,09-07-2024 22:53,12-07-2024 22:52
806.0261,35.96,43826343439,53258856630,15-08-2024 10:02,19-08-2024 02:09
788.8919,97.77,21088062640,30282432255,11-08-2024 03:17,15-08-2024 04:16
406.0277,81.44,6536459949,13396172359,20-08-2024 14:25,24-08-2024 23:00
86.45,74.59,93819059399,1.01E+11,08-08-2024 00:20,11-08-2024 14:47
271.4415,21.34,27734517911,28809471848,07-08-2024 22:23,12-08-2024 16:07
360.2906,72.9,53217530515,59494243605,13-07-2024 11:34,14-07-2024 13:50
344.5259,44.12,9691223949,14526022474,11-07-2024 13:25,14-07-2024 10:25
55.7104,96.17,91173793493,94690267259,19-07-2024 06:26,22-07-2024 06:14
785.0175,28.47,28040215152,34689079584,27-08-2024 03:17,31-08-2024 11:23
776.0638,24.03,94269782824,1.01E+11,13-07-2024 17:38,17-07-2024 21:10
609.1028,75.94,95693307169,1.04E+11,10-07-2024 04:21,11-07-2024 23:14
576.0473,98.94,52698888928,56187329785,29-07-2024 17:53,31-07-2024 16:07
190.5469,1.21,86403888554,96122796373,16-08-2024 11:35,19-08-2024 09:09
801.5769,82.52,78666218849,85516781967,29-08-2024 08:51,02-09-2024 17:58
160.4866,34.35,60339419641,64894726306,01-08-2024 20:57,03-08-2024 10:49
948.4506,34.32,83320723084,88800038067,09-07-2024 04:17,11-07-2024 10:11
61.5833,95.33,81293484517,84804571225,22-07-2024 09:04,24-07-2024 22:39
957.9646,92.23,82309446703,88424557528,03-08-2024 23:28,09-08-2024 14:42
964.4348,98.21,46645088937,54377521672,11-08-2024 05:35,14-08-2024 22:22
132.0667,15.36,96608816612,1.06E+11,23-08-2024 14:55,29-08-2024 02:59
997.4543,91.96,70776801115,74943205024,16-08-2024 03:41,17-08-2024 11:25
98.5522,38.11,27363451299,35833738864,10-07-2024 02:26,12-07-2024 07:00
755.9279,13.63,41459014210,47929914232,23-08-2024 13:11,27-08-2024 13:53
388.3619,28.47,16624322226,21659815981,06-08-2024 02:02,07-08-2024 16:03
568.3773,8.79,13537126855,16002647625,09-08-2024 23:43,12-08-2024 06:08
446.7635,38.45,89140612486,95390226085,08-07-2024 22:37,10-07-2024 00:01
137.0667,28.29,38561687282,45947923845,05-08-2024 20:18,11-08-2024 13:22
102.3167,86.34,6219147399,15724023212,27-08-2024 12:37,31-08-2024 18:56
164.0299,8.67,49968206937,57300087049,10-08-2024 16:42,16-08-2024 15:03
574.5176,99.22,64985616255,69629329099,13-07-2024 21:38,15-07-2024 15:34
60.7833,89.95,44055330491,44631492274,21-08-2024 12:48,24-08-2024 01:35
315.848,40.42,22470722254,31363688005,05-08-2024 17:04,08-08-2024 06:08
851.9663,16.04,15703469920,22933387070,01-08-2024 16:37,03-08-2024 21:30
102.4153,0.69,46113640301,50547921965,18-07-2024 10:52,22-07-2024 02:36
530.5378,5.63,47148543586,55130599650,19-07-2024 17:23,22-07-2024 03:14
439.1355,0.69,35134645139,37251592742,01-07-2024 11:10,06-07-2024 21:17
139.8127,36.36,2707689102,7586503982,08-08-2024 23:42,12-08-2024 01:20
33.9333,5.08,36443878481,43988606214,26-07-2024 02:26,27-07-2024 12:22
983.2136,8.79,57086496080,64146975060,15-08-2024 11:22,19-08-2024 02:38
68.5167,56.01,41665426239,43505966490,21-07-2024 05:42,24-07-2024 02:13
668.9061,64.24,66275745278,75243804180,01-07-2024 07:41,04-07-2024 10:25
70.9833,59.38,99506684814,1.01E+11,13-08-2024 18:35,16-08-2024 17:34
399.8697,44.3,22227345114,22583927548,28-07-2024 10:05,31-07-2024 02:45
661.8909,97.45,47400717792,50656729309,03-07-2024 12:49,07-07-2024 00:02
133.9256,42.83,74073454050,80762114631,14-08-2024 14:08,16-08-2024 04:03
104.7603,47.39,92008303208,99187474674,23-08-2024 04:39,26-08-2024 08:27
952.6501,6.97,74300820410,75338702575,31-07-2024 13:44,06-08-2024 02:52
47.7975,14.61,20945802878,27359115076,21-08-2024 18:17,27-08-2024 09:11
244.9716,60.59,17152367000,25291730468,25-07-2024 05:58,31-07-2024 03:13
908.6697,38.37,72271497010,72781188808,10-08-2024 07:24,12-08-2024 04:56
81.0727,62.74,71228556714,74440686236,18-08-2024 06:16,20-08-2024 03:17
24.2667,51.72,66763347120,74879957464,27-08-2024 23:02,28-08-2024 23:18
184.2222,11.3,14656367260,16707749412,19-07-2024 13:10,24-07-2024 20:17
978.7496,26.6,64347112189,73020301103,23-08-2024 03:12,27-08-2024 20:12
962.1663,87.07,89586422372,99534812241,16-08-2024 15:40,20-08-2024 06:51
28.6667,23.39,78184512938,86307836887,10-07-2024 13:02,11-07-2024 17:42
311.0466,99.52,56304430755,63655689339,27-08-2024 05:00,29-08-2024 20:25
30.9371,30.09,65864508923,75745728262,21-08-2024 08:38,26-08-2024 08:18
80.4,50.28,77464457242,77859360072,09-07-2024 19:32,13-07-2024 03:56
734.7722,26.61,11961130390,21953273498,04-07-2024 09:30,09-07-2024 08:16
366.9998,60.38,86262733765,91541327287,14-08-2024 13:38,15-08-2024 15:41
832.7303,57.94,4983017782,11521417313,25-07-2024 04:58,27-07-2024 00:02
350.6873,94.96,89584285188,92406101906,11-08-2024 02:37,13-08-2024 03:15
575.093,89.16,25153342634,32359221738,20-07-2024 12:51,25-07-2024 23:19
195.4914,61.71,22600367510,23271333009,03-08-2024 05:06,09-08-2024 04:25
555.4361,66.59,89123002558,92701686882,08-07-2024 17:40,14-07-2024 01:49
779.8708,92.21,89176509871,93493164826,22-07-2024 23:20,27-07-2024 13:42
344.424,33.13,9755217181,15073644558,17-07-2024 17:07,20-07-2024 17:16
457.5282,10.52,43895284601,49685670959,26-08-2024 20:08,31-08-2024 03:35
96.3442,45.14,64011750754,64811277700,25-07-2024 10:48,28-07-2024 18:04
95.1226,73.95,94131763984,1.02E+11,25-08-2024 06:33,27-08-2024 16:25
906.1268,6.46,96240826717,98628174081,12-08-2024 23:35,16-08-2024 20:52
663.1473,36.9,91183939033,94771254471,21-08-2024 13:49,25-08-2024 07:05
929.1694,73.09,7782785245,9375770542,23-07-2024 22:41,27-07-2024 15:34
685.0582,88.19,80406916505,83159936819,15-08-2024 20:03,21-08-2024 19:33
779.1763,80.81,95372099760,96841264412,02-08-2024 02:38,03-08-2024 06:37
83.4333,25.2,38288332782,40786031512,20-08-2024 02:48,23-08-2024 14:14
90.0833,16.92,59952324151,65511042535,16-07-2024 07:36,20-07-2024 01:41
120.5022,98.35,46192771254,49636478748,24-08-2024 13:56,28-08-2024 16:45
802.3156,97.07,66031799701,73946955087,12-07-2024 23:21,18-07-2024 05:25
139.5333,55.83,75535230544,77049187501,02-08-2024 20:27,08-08-2024 15:59
470.2063,3.96,54199201379,59810008360,09-07-2024 12:59,11-07-2024 05:38
31.2833,94.2,30211701461,34831933503,10-07-2024 20:29,12-07-2024 03:46
214.9452,48.81,4968760381,6544021317,20-08-2024 21:27,23-08-2024 02:47
958.0251,21.58,14507368142,14799300079,09-08-2024 07:10,11-08-2024 00:09
56.0054,82.09,47722928764,52353116409,21-08-2024 23:46,27-08-2024 00:45
58.8167,92.84,38117025024,46310224844,01-07-2024 09:56,03-07-2024 20:45
388.8883,80.23,81865257366,85119583044,07-08-2024 07:16,08-08-2024 20:25
278.6818,68.82,80624515493,87446054134,29-08-2024 03:57,02-09-2024 20:36
107.7011,24.41,58360197356,59141084735,24-07-2024 01:32,26-07-2024 20:19
472.5108,59.68,50485341786,59272302026,23-07-2024 16:11,25-07-2024 04:10
34.2833,10.03,94135245422,98449735815,01-07-2024 04:28,02-07-2024 14:45
199.0047,68.2,53528253656,59192635837,25-08-2024 11:45,30-08-2024 01:17
74.4667,5.07,27065705673,30638291701,12-07-2024 10:30,15-07-2024 12:58
30.7,93.43,90173241605,93835895466,02-08-2024 17:51,04-08-2024 00:33
402.1611,58.6,80225660303,80774640241,15-07-2024 16:25,21-07-2024 15:32
70,0.19,83126833068,92600620478,26-08-2024 01:08,28-08-2024 23:08
109.6333,97.05,61917587897,67635412141,10-08-2024 03:36,14-08-2024 17:14
740.4587,4.53,79383752610,88680909492,13-07-2024 04:08,14-07-2024 07:54
422.7299,1.72,76049289371,84863458397,25-07-2024 21:17,29-07-2024 05:07
758.306,71.11,26769360946,33807753371,14-08-2024 14:34,16-08-2024 02:18
768.0133,5.33,50942367098,58673102217,21-07-2024 11:54,26-07-2024 07:24
933.6444,92.88,38215807762,45909593430,01-07-2024 02:57,05-07-2024 07:28
579.897,15.28,60995867173,61780596439,27-07-2024 14:31,30-07-2024 03:46
75.9818,18.79,38046686352,41138689229,12-08-2024 12:44,15-08-2024 11:44
364.5037,50.11,77440994177,77840754320,27-07-2024 19:26,01-08-2024 12:19
82.9,44.88,13212279998,17308367361,02-07-2024 02:21,05-07-2024 13:15
357.5289,19.36,10886501175,20627001344,09-08-2024 11:18,14-08-2024 20:28
61.4833,73.77,60202055264,68337416384,09-08-2024 10:49,12-08-2024 00:18
132.5833,32.95,62624375224,66506699642,28-08-2024 19:00,03-09-2024 07:35
931.6294,69.47,39058017625,48645923518,17-07-2024 10:40,18-07-2024 10:41
103.9167,93.48,32475050333,40333849858,01-07-2024 08:59,05-07-2024 16:54
142.5774,61.06,89802450137,94186930893,03-07-2024 13:45,07-07-2024 20:21
395.8666,31.76,90103791429,96109228818,02-08-2024 15:51,04-08-2024 14:00
691.7493,3.07,4169577070,11227431169,19-08-2024 12:07,25-08-2024 04:18
31.4,66.21,48909078248,56422763858,09-08-2024 01:35,10-08-2024 08:59
94.6982,98,9147252920,14178293537,29-07-2024 19:36,01-08-2024 02:52
323.6305,85.01,84496301651,85421901662,09-08-2024 12:31,12-08-2024 05:46
773.7328,0.72,52580606871,54718220720,17-07-2024 04:03,21-07-2024 09:30
654.2975,20.92,16174137911,18145286001,22-07-2024 05:48,26-07-2024 08:19
353.1097,71.19,75436784164,84411038163,10-08-2024 06:16,11-08-2024 23:25
733.4302,59.44,65233713287,71396549568,10-08-2024 18:16,15-08-2024 05:38
440.8594,63.21,78340522052,85056013216,08-07-2024 09:40,11-07-2024 04:11
829.9321,95.97,12624630979,14756357058,10-07-2024 08:31,15-07-2024 07:34
987.5483,64.58,26239273306,34223805256,03-07-2024 04:28,07-07-2024 19:51
110.8,17.24,4984717928,7461405073,05-08-2024 12:56,10-08-2024 03:44
96.1333,19.84,26883540687,29144872044,20-08-2024 14:01,24-08-2024 14:09
970.2519,0.88,24663740242,33163141551,25-07-2024 16:18,28-07-2024 00:17
205.2521,54.75,87248623585,91585705285,17-08-2024 10:09,20-08-2024 20:51
670.2735,46.23,19597849520,29080373672,04-07-2024 07:15,07-07-2024 20:33
851.117,27.67,93663664453,1.02E+11,06-08-2024 06:00,12-08-2024 04:45
424.6237,8.65,17545090790,20838682033,14-07-2024 13:19,15-07-2024 16:07
839.2951,13.28,99716836901,1.00E+11,10-07-2024 03:33,14-07-2024 06:12
390.8588,98.64,87072187476,87524967649,21-07-2024 05:57,23-07-2024 17:52
972.7981,97.98,98221012165,1.06E+11,20-07-2024 14:08,21-07-2024 15:14
94.5509,13.6,94448273573,96861440000,13-07-2024 13:32,15-07-2024 19:56
421.893,74.52,74428790693,80406552383,30-06-2024 21:27,04-07-2024 02:55
45.2833,34.31,91887898050,97319003375,12-08-2024 03:32,14-08-2024 00:49
194.5629,65.68,41353387123,42888320883,27-08-2024 00:40,01-09-2024 20:33
296.3158,43.62,26330187674,31202524260,24-07-2024 15:06,26-07-2024 02:35
664.4434,84.34,19127660859,27734835528,25-08-2024 03:48,27-08-2024 04:10
978.5674,24.37,49432835031,55790794157,21-07-2024 02:48,22-07-2024 16:44
99.95,83.18,91222256614,97205628513,16-07-2024 06:46,20-07-2024 10:43
553.1158,44.1,55231442932,61525169383,16-08-2024 12:47,19-08-2024 23:20
977.6097,32.34,65787375716,74610547787,22-08-2024 22:04,24-08-2024 11:22
92.6833,42.96,93946177259,1.04E+11,22-08-2024 13:37,26-08-2024 10:18
135.65,44.81,48852615149,51565864749,21-08-2024 14:27,27-08-2024 06:06
113.9667,83.34,32128373004,38191273413,18-08-2024 21:39,23-08-2024 15:37
125.2833,28.85,20719596409,29680737705,06-08-2024 15:30,11-08-2024 20:47
360.9702,48.3,27754618690,35507304239,16-07-2024 19:22,22-07-2024 02:40
480.5511,24.66,30514861798,35153310829,28-07-2024 06:36,29-07-2024 20:56
220.6895,60.44,62721425289,67805433734,26-08-2024 17:36,01-09-2024 03:34
499.9709,45.68,13379480317,17283883409,13-07-2024 04:51,14-07-2024 12:33
402.6602,34.9,4051874744,6569214624,02-08-2024 04:53,07-08-2024 01:59
230.4643,52.02,49637105643,51071043166,09-07-2024 13:12,14-07-2024 08:27
607.4707,18.05,69669692064,76918930113,03-08-2024 02:49,05-08-2024 21:27
46.6333,50.19,11043575144,13633323065,26-08-2024 12:25,28-08-2024 11:03
38.2167,41.18,21583247587,25875971843,02-07-2024 01:26,03-07-2024 15:39
506.0399,2.5,64079190131,66145003338,05-07-2024 18:19,11-07-2024 03:18
532.48,16.08,15502968944,23111173365,15-08-2024 15:40,20-08-2024 18:08
663.0369,22.24,92734171158,98804510325,24-07-2024 04:01,25-07-2024 20:19
137.6362,55.5,87647637512,90309475809,24-07-2024 21:27,27-07-2024 04:38
345.3023,37.54,12677499842,20926457530,25-07-2024 08:44,29-07-2024 02:41
825.0126,44.96,8940332711,16970478480,24-08-2024 11:01,29-08-2024 09:16
515.2714,59.39,90804234874,95479814717,15-07-2024 16:29,21-07-2024 14:50
645.6266,83.99,80352049200,81047715753,13-08-2024 20:09,16-08-2024 02:50
153.5011,26.65,47511595763,54074999234,03-07-2024 05:37,05-07-2024 22:48
776.2761,59.36,75364762439,83411061952,12-07-2024 07:38,14-07-2024 04:33
722.3221,94.84,81479153306,86249992427,23-07-2024 08:25,26-07-2024 00:26
335.0037,69.96,43868885858,52444783637,03-07-2024 23:07,06-07-2024 01:26
68.5667,35.79,47407570072,55754811438,27-08-2024 17:51,30-08-2024 14:25
143.45,61.69,43537352308,47365560959,18-08-2024 12:20,24-08-2024 11:47
64.4925,60.79,93989384817,94119404545,24-08-2024 08:55,27-08-2024 21:14
488.8016,93.75,48017673402,53416146845,19-07-2024 11:22,22-07-2024 06:10
165.4426,10.47,41660392600,49886997678,25-07-2024 06:42,29-07-2024 03:58
55.9333,1.43,56540203796,65733481253,15-07-2024 07:25,17-07-2024 15:21
70.2667,81.57,88789753885,96741542761,03-07-2024 23:16,06-07-2024 21:32
707.5356,42.57,32886761948,35853807212,20-08-2024 00:05,23-08-2024 18:16
837.1211,58.63,42359675619,48886874049,29-07-2024 16:17,03-08-2024 12:06
100.2167,51.68,87228922486,88742671577,03-07-2024 03:00,07-07-2024 07:13
133.9833,48.01,86808016202,96487241274,09-08-2024 04:02,14-08-2024 18:01
90.0333,27.91,35168275881,35549490094,04-08-2024 16:44,08-08-2024 10:46
967.6514,71.99,88850957657,97055839525,29-07-2024 08:23,03-08-2024 08:06
258.9203,26.6,62749645572,69290341947,07-08-2024 00:55,09-08-2024 15:42
486.0461,53.95,15964690505,24126435025,23-08-2024 05:56,27-08-2024 16:32
101.0333,65.04,66129027399,70445684715,19-07-2024 07:56,23-07-2024 12:58
739.8663,96.28,75172925598,80420687118,08-07-2024 16:17,12-07-2024 19:01
67.9333,36.04,87765223697,94004249669,03-07-2024 18:57,06-07-2024 14:53
14.7407,27.66,99045026637,1.02E+11,08-08-2024 01:50,09-08-2024 13:23
678.9377,49.9,36243105504,37904911914,31-07-2024 02:38,04-08-2024 22:17
16.014,86.77,75582087702,83456067239,26-07-2024 01:57,30-07-2024 20:00
640.3689,33.89,89864872774,91252171321,27-07-2024 10:53,29-07-2024 05:37
67.6167,73.97,69401060148,78819950569,26-08-2024 19:54,29-08-2024 15:31
537.9744,80.8,3993477298,11595695364,11-07-2024 20:55,16-07-2024 23:06
429.39,88.89,49294000807,51881763823,15-08-2024 07:46,16-08-2024 10:47
113.7167,22.19,72922188358,73740836405,03-08-2024 05:48,07-08-2024 23:31
68.3914,56.02,1182748459,5830753913,20-07-2024 16:24,24-07-2024 11:07
863.095,44.24,83139711355,90368691633,14-07-2024 21:40,17-07-2024 23:14
942.5422,88.72,72585159345,80787050908,09-07-2024 01:42,10-07-2024 02:51
593.7,25.5,32996592113,40478716789,03-08-2024 07:49,04-08-2024 15:05
120.0333,63.32,38518452231,45323568182,10-08-2024 20:23,15-08-2024 20:25
131.4333,81.15,79097760525,85922163334,13-07-2024 01:04,18-07-2024 12:30
69.4,47.99,33005849885,36574371942,16-08-2024 12:56,19-08-2024 10:20
101.5,37.57,81529079148,81835001901,09-07-2024 18:39,14-07-2024 00:09
67.75,40.24,97156852662,98079959949,02-07-2024 16:06,05-07-2024 11:51
107.2042,23.43,59333182051,64311680089,15-07-2024 03:58,20-07-2024 08:41
644.9753,8.12,58377579384,66988761329,12-07-2024 00:22,16-07-2024 07:59
128.65,35.24,83290683034,91928101174,05-08-2024 00:53,10-08-2024 09:32
270.5498,24.7,19913289223,20800449857,24-07-2024 15:27,29-07-2024 04:45
849.6378,59.54,81159809793,89779274593,17-08-2024 21:39,22-08-2024 04:18
716.3448,85.67,13501372933,20403329092,01-07-2024 15:41,04-07-2024 16:28
244.6044,90.6,88097720514,94193794566,24-07-2024 09:58,28-07-2024 02:59
766.1013,59.37,53390461988,54709974307,18-08-2024 01:24,20-08-2024 23:03
605.434,22.52,6036170510,13165027627,12-08-2024 15:35,17-08-2024 09:50
314.7352,39.3,21937055382,31689047998,05-07-2024 01:50,10-07-2024 11:08
487.5577,96.89,59664182873,69600922086,18-07-2024 11:19,20-07-2024 02:34
594.3292,55.72,93121260940,98127926613,16-07-2024 13:39,20-07-2024 13:48
383.5646,5.05,88559986595,89255621280,22-07-2024 09:06,25-07-2024 08:23
105.5833,29.94,85636532562,86136300829,25-08-2024 05:16,29-08-2024 14:51
477.7968,43.56,16295257581,24012462997,06-07-2024 02:37,08-07-2024 00:39
479.4566,49.46,2200590863,5869948955,10-07-2024 17:49,12-07-2024 07:36
44.9267,73.8,1840679990,5778710739,12-07-2024 19:53,16-07-2024 12:05
766.1311,30.35,36366480544,40273228745,09-08-2024 02:47,14-08-2024 13:38
470.6748,0.67,75117876119,78971281541,01-08-2024 04:56,05-08-2024 03:45
745.3387,11.58,6524190357,14915097594,26-07-2024 13:07,28-07-2024 14:09
377.7123,50.22,26240086510,35351274293,16-07-2024 09:36,18-07-2024 10:08
122.5333,28.98,44940959229,52781538229,23-07-2024 04:35,28-07-2024 07:07
864.4102,52.27,88170142617,89904941045,26-08-2024 21:29,01-09-2024 07:46
51.5167,5.71,32131523802,37261477279,22-07-2024 21:31,25-07-2024 01:02
304.946,53.64,63037904388,70624945076,02-07-2024 08:08,06-07-2024 11:58
996.0188,4.19,8896119203,13158550787,27-08-2024 18:28,31-08-2024 02:48
556.7204,83.25,62355715755,63884545299,29-08-2024 13:29,03-09-2024 00:21
496.1508,55,4799310440,9647490183,07-08-2024 20:19,13-08-2024 08:27
10.5402,84.79,6183948417,12748356367,03-07-2024 07:41,06-07-2024 06:09
807.1147,7.5,44721659132,48929081036,12-08-2024 12:15,14-08-2024 16:49
421.5073,55.6,76446416469,79000523255,12-08-2024 17:35,17-08-2024 13:55
850.1416,69.25,99837928325,1.07E+11,12-07-2024 11:01,15-07-2024 02:01
169.1456,62.75,56748191227,62322743245,14-08-2024 09:33,19-08-2024 06:31
47.05,98.37,47622186957,51931350562,23-07-2024 21:19,25-07-2024 20:22
365.9219,95.56,65269561010,73064136090,11-07-2024 19:28,14-07-2024 06:36
249.2844,45.3,15861339674,19799823950,10-07-2024 03:58,11-07-2024 16:23
797.4945,65.91,92687205187,97209143636,10-07-2024 18:39,13-07-2024 13:42
226.5132,54.61,63126220369,67059945319,10-08-2024 04:48,15-08-2024 11:45
87.8738,97.45,89316801399,89912632274,02-07-2024 11:06,08-07-2024 02:42
143.3,80.47,42366270242,48866602335,13-08-2024 21:05,19-08-2024 20:23
25.5,62.01,28455636699,36029218777,09-08-2024 07:48,10-08-2024 09:18
80.2667,31.15,93211993022,1.02E+11,06-07-2024 03:49,09-07-2024 12:05
417.9798,14.52,86429005279,94562441355,14-08-2024 09:24,19-08-2024 04:58
438.1467,80.25,66205049163,75089217569,10-08-2024 00:14,14-08-2024 00:00
568.0884,59.15,43277879187,50138790345,19-07-2024 09:00,22-07-2024 01:48
139.5167,34.64,2537925189,9859247924,18-08-2024 20:33,24-08-2024 16:04
904.0008,90.33,12342194435,14000778703,16-07-2024 20:58,19-07-2024 12:53
805.2556,1.32,10002349370,18870602491,10-07-2024 11:03,16-07-2024 06:44
428.4611,21.6,80097248991,82775898387,23-08-2024 18:06,26-08-2024 21:39
812.9251,54.66,28070401971,36292263633,02-08-2024 23:18,05-08-2024 04:17
780.5168,32.98,91751558202,95660184340,21-07-2024 06:06,25-07-2024 01:05
652.3815,85.02,31260176038,40765531651,15-07-2024 15:02,17-07-2024 17:56
38.2833,1.31,62679280845,64790751395,07-07-2024 05:10,08-07-2024 19:27
509.2785,76.47,95064475095,1.03E+11,03-07-2024 14:36,08-07-2024 09:23
140.6604,5.09,22144116941,24072541629,06-08-2024 07:40,11-08-2024 03:35
28.6167,88.9,51467578269,54120045491,02-08-2024 15:38,03-08-2024 20:15
50.3167,19.67,65677197554,70195330812,28-07-2024 04:35,30-07-2024 06:54
305.5855,24.27,79774742812,89116433619,13-08-2024 23:22,15-08-2024 03:59
676.7908,79.25,11948780908,20615994972,18-07-2024 02:47,20-07-2024 15:12
495.8071,59.62,48483886400,50532876187,08-07-2024 00:32,13-07-2024 22:38
510.126,47.74,30086018529,39239617577,06-08-2024 06:27,10-08-2024 01:25
195.2324,44.2,19782768099,28473435562,27-07-2024 12:33,31-07-2024 07:00
20.3487,51.86,47040973113,53821970678,14-07-2024 05:26,16-07-2024 19:11
135.5667,70.13,56740180306,63344615356,08-07-2024 11:32,14-07-2024 03:06
42.6833,71.61,94416413120,99109623578,22-07-2024 14:21,24-07-2024 09:02
402.5675,74.65,82571392245,85057712051,26-07-2024 08:27,31-07-2024 05:49
493.3255,92.08,20635699503,20735805110,23-07-2024 14:06,29-07-2024 07:58
112.4333,52.52,35401774619,44386018898,03-07-2024 09:09,08-07-2024 01:35
685.6808,6.07,86499354372,91996827106,24-08-2024 16:26,29-08-2024 06:37
11.9494,94.02,76472318775,81965940657,09-08-2024 10:19,14-08-2024 11:40
763.7549,23.07,75882534919,84257405517,15-07-2024 13:46,20-07-2024 16:41
217.4256,18.53,20427670770,22033898860,07-07-2024 13:53,11-07-2024 07:22
833.7372,74.93,73106122811,78832078777,18-08-2024 12:38,19-08-2024 14:52
56.2214,94.49,22376598442,27381752720,15-07-2024 14:00,17-07-2024 20:43
910.6406,39.04,70554590057,75016268178,11-08-2024 04:56,16-08-2024 11:42
566.6421,77.41,72133762805,80350643973,11-07-2024 14:07,15-07-2024 05:46
809.6094,87.85,83122842259,92891585359,03-07-2024 13:01,06-07-2024 22:46
453.4353,9.78,37576289546,45693849488,05-07-2024 14:57,11-07-2024 02:10
328.3641,21.95,33020350100,41725728130,08-07-2024 17:22,13-07-2024 03:52
659.5464,37.34,11065384355,13147665462,14-08-2024 13:09,17-08-2024 15:50
793.7649,27.33,84458700721,87023569683,07-07-2024 04:56,12-07-2024 05:15
194.0681,90.24,90235122681,94996618262,26-07-2024 17:46,29-07-2024 18:04
630.455,79.56,26681757591,35780472522,30-06-2024 20:57,05-07-2024 05:07
340.1787,13.58,50524366416,59630573021,02-07-2024 09:16,07-07-2024 09:25
517.1946,99.97,12227499618,13094464652,07-07-2024 10:32,13-07-2024 01:12
665.624,97.85,43211531039,52236057299,14-08-2024 14:34,20-08-2024 10:45
432.7213,40.56,11776359265,21696342956,24-07-2024 08:49,29-07-2024 02:06
25.3189,84.51,80810027545,83529651563,11-08-2024 18:41,16-08-2024 17:05
776.2808,20.99,30387152004,33233310560,23-07-2024 09:29,26-07-2024 19:32
90.9833,97.4,2957530557,5843104167,24-07-2024 00:38,27-07-2024 19:37
357.5233,58.89,47423037699,50284914701,28-08-2024 14:01,29-08-2024 23:33
601.8144,59.89,44727126673,45239018284,07-08-2024 09:36,12-08-2024 06:28
153.8323,34.89,88229925390,93405272504,10-08-2024 05:23,15-08-2024 09:52
46.6833,65.91,1038679308,1207921154,08-07-2024 09:22,10-07-2024 08:03
33.5167,76.81,43593721610,52263568746,06-07-2024 02:55,07-07-2024 12:26
754.9827,26.95,11301198401,17506915601,11-07-2024 03:47,14-07-2024 07:47
132.15,78.93,48523174581,50673476199,30-07-2024 12:53,05-08-2024 01:02
57.15,83.95,39095990149,44866998326,24-08-2024 05:08,26-08-2024 14:17
388.7474,72.75,93325878549,1.01E+11,09-08-2024 03:54,14-08-2024 06:54
32.3167,76.49,33326456106,38389861466,10-07-2024 01:36,11-07-2024 09:55
704.9892,28.27,55442069999,63087373471,18-08-2024 10:27,22-08-2024 07:34
96.5333,49.33,74025589911,75570232081,12-08-2024 11:08,16-08-2024 11:40
224.6634,96.43,78234763502,78418921626,31-07-2024 11:07,01-08-2024 12:23
549.3916,12.45,20227287540,27147217840,10-07-2024 10:15,13-07-2024 23:54
791.6701,56.26,37369937349,38028739139,24-07-2024 07:52,28-07-2024 18:24
113.35,91.64,19503952454,26720821217,26-07-2024 04:07,30-07-2024 21:28
341.9698,73.3,72892190659,79569564021,17-07-2024 05:00,22-07-2024 03:23
209.4004,44.05,18157861240,21352123635,22-07-2024 14:32,26-07-2024 11:34
587.6768,81.61,36687324040,39159602354,19-08-2024 15:58,21-08-2024 21:00
517.2012,51.35,88995413371,94138735210,10-07-2024 09:36,11-07-2024 13:39
302.3678,90.78,17717813072,18693727301,03-08-2024 14:06,05-08-2024 04:14
727.624,75.76,28995209715,34724604400,04-07-2024 19:24,06-07-2024 21:39
58.8667,9.57,17964013909,25344471081,20-08-2024 14:34,23-08-2024 01:26
396.9256,57.06,10093349684,14110520431,19-07-2024 17:58,23-07-2024 21:31
64,9.87,59168350548,64369054308,15-07-2024 17:15,18-07-2024 09:15
969.402,44.87,39961530048,46907092891,22-08-2024 06:17,27-08-2024 20:30
43.2167,72.52,45131283127,46316748350,31-07-2024 07:15,02-08-2024 02:28
429.6128,7.57,17780576274,24026754063,14-08-2024 10:27,19-08-2024 01:50
553.815,81.55,87699225085,95956905153,18-07-2024 09:39,21-07-2024 23:30
129.8672,5.83,97271842205,1.05E+11,07-08-2024 13:28,08-08-2024 21:41
883.9655,81.56,71993398692,79432069155,28-07-2024 16:33,30-07-2024 09:06
650.1731,97.68,51083335309,59942102426,18-08-2024 01:30,23-08-2024 11:01
113.8,58,54886361862,61508082818,11-07-2024 18:06,16-07-2024 11:54
825.9177,95.54,97624944269,1.02E+11,02-08-2024 00:36,07-08-2024 16:46
302,36.32,56062052295,57962755958,13-07-2024 20:58,17-07-2024 02:30
369.457,67.88,70482607937,71066862636,21-08-2024 12:02,23-08-2024 06:05
988.4076,15.15,27269706614,31125899311,10-08-2024 23:53,15-08-2024 08:52
635.6509,57.93,54773978257,61950291164,11-08-2024 12:46,13-08-2024 14:18
575.5324,45.97,1791250551,5271422916,02-08-2024 01:07,06-08-2024 02:30
145.9373,9.59,81987854667,83659890497,02-07-2024 17:05,04-07-2024 13:56
70.8167,25.47,91627430806,95331713711,25-08-2024 04:52,28-08-2024 03:41
147.5414,83.68,53965957218,59474416324,08-08-2024 19:34,11-08-2024 02:49
82.8167,44.99,42348481451,49709897119,15-07-2024 00:13,18-07-2024 11:02
411.7334,95.1,23086198528,32825811850,19-07-2024 09:51,24-07-2024 03:09
57.3667,5.5,20230884904,21234631544,25-07-2024 05:56,27-07-2024 15:18
416.7408,15.52,61889461542,65781073688,10-08-2024 06:17,15-08-2024 06:54
109.3975,61.56,95837221898,1.01E+11,30-07-2024 16:07,03-08-2024 12:08
116.0494,66.47,33771852558,37369213590,03-07-2024 02:50,07-07-2024 04:55
742.8148,56.03,34351732282,34678750344,24-07-2024 22:23,26-07-2024 23:48
375.4176,65.57,95600167860,98586324009,30-06-2024 23:38,03-07-2024 02:15
31.2755,22.99,65622960511,66341293879,10-07-2024 08:55,14-07-2024 05:56
35.4333,25.89,68898788478,74470389472,30-06-2024 16:20,02-07-2024 03:46
777.8178,35.39,63884403409,65177513275,12-08-2024 07:18,18-08-2024 00:30
216.1677,53.52,68550645302,76772333973,04-07-2024 17:08,09-07-2024 13:45
967.0035,7.96,65566056958,69139290269,04-08-2024 06:46,08-08-2024 05:39
614.1449,49.41,71938574379,74911332182,11-08-2024 17:32,17-08-2024 15:56
700.1031,37.22,88870480640,90559922778,11-07-2024 11:04,14-07-2024 06:09
749.4753,85.61,34512266113,42396858117,01-07-2024 20:11,07-07-2024 03:39
647.1712,12.38,10175153127,17016011208,23-07-2024 23:08,26-07-2024 20:31
609.1025,62.06,78808451311,79516684243,21-07-2024 10:44,23-07-2024 11:15
804.0664,75.7,77064605414,81678867817,10-07-2024 07:36,15-07-2024 03:10
187.2887,81.86,32806148614,40584125808,05-07-2024 19:28,07-07-2024 02:42
377.6054,31.21,25009594193,34804350306,03-07-2024 20:09,06-07-2024 13:01
67.7333,95.83,78440748612,85486927373,12-07-2024 16:20,15-07-2024 12:04
73.95,93.44,12456947603,16300754614,07-08-2024 05:28,10-08-2024 07:25
568.7916,70.05,61148063721,70111111358,13-08-2024 18:52,19-08-2024 08:18
36.25,57.77,80117113469,80153576330,27-08-2024 19:10,29-08-2024 07:25
288.1675,38.26,8501476936,15392500201,20-08-2024 13:43,24-08-2024 00:36
48.75,10.17,24435018446,24710434830,11-08-2024 22:13,13-08-2024 22:58
123.5333,56,16460186813,17852026452,17-08-2024 23:06,23-08-2024 02:38
603.5435,5.96,38527162678,39635005557,19-07-2024 16:25,22-07-2024 05:14
673.8625,46.98,23560942202,25252564605,26-08-2024 17:40,31-08-2024 21:19
142.6776,72.5,93728555055,95810901292,13-08-2024 16:10,18-08-2024 22:18
30.7914,99.67,31693150202,35848821301,05-08-2024 12:29,06-08-2024 20:02
61.75,21.01,22465469172,31008980415,22-08-2024 08:26,24-08-2024 22:11
98.7196,81.91,69176118241,70353669674,25-08-2024 21:11,30-08-2024 09:03
598.3014,43.99,84689113235,91029191150,05-07-2024 07:36,09-07-2024 18:27
305.88,62.24,77219204958,82187842771,25-07-2024 16:50,28-07-2024 08:06
32.7667,84.53,26796831999,29749158947,21-08-2024 01:51,22-08-2024 10:37
275.9775,49.86,46776167891,50808021282,15-07-2024 12:30,17-07-2024 15:20
601.8522,31.71,28038913731,37441336007,01-08-2024 05:07,05-08-2024 04:53
93.35,39.94,44483443936,52798878897,05-07-2024 23:57,09-07-2024 21:18
746.6981,7.34,66838551161,75421143920,22-07-2024 12:33,27-07-2024 04:03
843.7141,48.44,69219108320,75026706515,12-07-2024 18:26,14-07-2024 17:03
778.0122,79.14,56450611354,61528752233,07-08-2024 13:32,10-08-2024 16:22
742.733,53.62,42754112030,44947389011,23-07-2024 09:42,26-07-2024 00:27
101.3667,7.16,12038236912,14962833377,14-07-2024 13:26,18-07-2024 18:48
206.065,71.06,47560830234,56232607720,27-08-2024 13:42,29-08-2024 01:30
40.9833,47.14,63610084029,69417402995,07-08-2024 15:32,09-08-2024 08:31
135.875,58.92,84605460548,90889118377,07-08-2024 09:39,11-08-2024 07:46
475.9021,52.04,13042409238,19758151862,05-07-2024 16:26,08-07-2024 00:55
366.7652,39.2,73935149928,76867013143,16-07-2024 18:18,19-07-2024 17:02
78.1574,28.77,68437908717,73714272859,10-08-2024 05:42,15-08-2024 19:16
584.6599,36.6,75693392103,76796243104,17-08-2024 16:07,21-08-2024 02:09
769.1603,58.6,69124278905,72811556803,11-07-2024 03:42,14-07-2024 13:19
950.8256,59.17,39719777492,40434031092,28-08-2024 17:08,02-09-2024 03:05
188.1814,45.59,70986627818,73957879900,31-07-2024 21:15,03-08-2024 01:50
133.2167,29.46,64428427437,69807541620,20-07-2024 14:35,26-07-2024 03:48
580.6282,53.45,58478050426,61938156194,08-07-2024 02:20,13-07-2024 16:46
609.7804,35.25,27794696694,37505380535,18-08-2024 04:13,23-08-2024 15:36
446.8464,53.22,77665417376,82152580105,06-07-2024 00:15,07-07-2024 06:00
821.4108,95.03,31067732424,31349574604,01-08-2024 11:19,05-08-2024 09:12
48.8667,64.12,93693705011,95493533688,29-08-2024 00:04,31-08-2024 00:56
65.75,43.12,48923582697,52412729114,24-07-2024 06:00,26-07-2024 23:45
710.9828,51.03,13274532433,15347515493,13-08-2024 05:19,14-08-2024 19:46
351.7877,68.52,42224157865,49430532269,29-08-2024 01:57,02-09-2024 09:48
107.1353,59.21,87437657385,89558952845,13-08-2024 07:22,14-08-2024 17:23
856.7478,2.61,34237954862,38120936455,11-07-2024 02:34,13-07-2024 15:18
194.1528,87.72,44611513293,47028070582,20-07-2024 22:19,24-07-2024 23:18
337.1101,5.54,22917240264,29531303100,12-08-2024 21:46,15-08-2024 01:42
364.1758,33.72,63912458976,65762973330,30-06-2024 17:08,03-07-2024 20:15
850.293,51.19,86579004283,86783415504,15-07-2024 14:32,18-07-2024 04:48
358.3231,59.61,4720168247,9704777665,02-07-2024 23:29,04-07-2024 10:37
70.9167,67.07,77185072905,77870473879,28-08-2024 12:31,31-08-2024 11:26
359.6147,15.22,74126443926,83900514981,02-07-2024 19:13,04-07-2024 20:08
65.8491,63.27,61395456923,69442456383,25-08-2024 21:15,28-08-2024 07:52
111.4167,29.83,81505567289,83707185300,01-08-2024 04:26,05-08-2024 19:51
77.1615,14.81,9666482890,12995923970,10-07-2024 23:29,16-07-2024 23:28
296.8281,7.52,67249581572,68679044281,03-07-2024 11:56,09-07-2024 11:19
809.9885,4.19,68201830951,72712157558,08-07-2024 17:07,13-07-2024 16:13
175.2578,8.17,61712058967,67424474190,11-08-2024 15:12,15-08-2024 23:02
229.21,52.18,18929284329,27071360698,16-08-2024 10:02,22-08-2024 02:51
110.6333,96.41,43249983996,47277143210,12-07-2024 22:56,17-07-2024 13:34
32.3667,51.62,32651886748,38114080646,28-07-2024 19:01,30-07-2024 03:23
202.9644,65.39,39527760122,45152662232,09-08-2024 02:43,12-08-2024 01:39
403.475,78.52,91789708623,92577225266,14-08-2024 18:02,17-08-2024 02:19
658.4138,9.38,55784219171,61664429785,16-07-2024 22:05,21-07-2024 06:17
687.2747,66.96,45579791022,46657905187,25-07-2024 12:01,30-07-2024 12:28
141.724,55,13878173960,17590090093,25-08-2024 02:41,29-08-2024 07:39
806.7405,31.41,33910114913,41233732659,07-07-2024 19:48,09-07-2024 11:23
420.3552,89.81,24541098891,27856259433,29-07-2024 07:48,01-08-2024 20:51
953.3639,24.74,86477894088,94732303065,19-08-2024 20:36,21-08-2024 17:40
203.471,25.97,54961037038,64188062442,15-07-2024 17:28,19-07-2024 17:52
178.9791,74.45,51923213434,61022206143,02-07-2024 07:10,07-07-2024 00:59
28.7833,25.53,39254762176,43503289304,03-07-2024 04:12,04-07-2024 08:59
37.6833,40.96,53065520928,58262181355,25-08-2024 14:55,27-08-2024 04:36
82.5667,12.74,76915170111,78654273956,29-08-2024 08:40,01-09-2024 19:14
76.6833,66.18,6641579564,6709560828,05-08-2024 14:21,08-08-2024 19:02
128.8,63.58,41511369742,45873428076,11-08-2024 19:32,17-08-2024 04:20
414.6583,18.21,76235665146,84644895301,21-08-2024 01:17,22-08-2024 16:50
630.7125,54.68,8786494055,16471325850,27-08-2024 18:42,29-08-2024 11:27
49.8981,6.38,25021911702,30890344545,20-07-2024 22:58,22-07-2024 13:45
116.4333,5.17,32590764217,34285952731,07-08-2024 21:33,12-08-2024 17:59
502.9505,87.46,9878243182,10546174477,10-07-2024 00:12,12-07-2024 11:39
530.888,19.48,97745158698,1.02E+11,20-07-2024 09:48,23-07-2024 08:09
47.15,13.75,98525753914,99984623576,20-08-2024 16:06,22-08-2024 15:15
966.1292,59.27,18658664146,28407569512,25-08-2024 13:28,28-08-2024 10:07
116.2833,48.26,35653892189,41713554786,21-07-2024 00:55,25-07-2024 21:12
65.2833,33.43,13012375140,22589729918,13-07-2024 09:07,16-07-2024 02:24
39.0333,28.36,17071073345,19720613386,02-08-2024 18:25,04-08-2024 09:27
125.9564,7.24,70590233874,74188874592,21-07-2024 20:22,23-07-2024 00:38
277.8297,29.26,72137164877,80001823378,07-08-2024 01:36,12-08-2024 21:19
367.5864,50.46,45875770508,46494768677,21-08-2024 09:54,27-08-2024 05:14
615.9233,46.44,17512386922,23892346198,10-08-2024 20:25,14-08-2024 14:44
127.7333,14.64,5838993983,8497442468,04-08-2024 05:25,09-08-2024 13:09
759.7956,43.68,18601085588,22034078014,11-07-2024 20:54,16-07-2024 13:34
340.3693,2.54,66907417382,73738179228,17-08-2024 17:54,20-08-2024 02:26
28.6273,76.01,30942391610,38113531186,03-07-2024 22:36,06-07-2024 14:02
556.4179,44.75,56726910820,62964470066,16-07-2024 22:56,22-07-2024 05:06
108.4167,57.84,47845396038,50461064734,06-08-2024 10:40,10-08-2024 23:05
40.2558,86.68,91291091118,94252055678,22-08-2024 09:50,27-08-2024 15:15
432.8095,12.13,29729140484,37219298641,28-08-2024 01:26,30-08-2024 18:24
218.0232,57.86,7548475150,10109842689,27-08-2024 16:01,01-09-2024 01:01
93.2833,68.85,50994971013,56265355888,12-07-2024 01:15,15-07-2024 22:32
181.0234,15.91,78680352164,83877530111,12-08-2024 21:13,14-08-2024 22:37
142.4,79.09,17147923298,26292232458,19-07-2024 14:48,25-07-2024 13:12
359.37,17.02,53466679239,56063842623,19-07-2024 09:44,24-07-2024 02:20
117.2097,13.75,19431705110,19965883148,28-08-2024 19:12,02-09-2024 23:37
757.7714,34.57,53821049664,54208234208,06-08-2024 09:33,11-08-2024 11:24
929.0325,44.48,34811117985,36999088065,28-07-2024 02:35,31-07-2024 12:09
887.4779,27.7,89755407669,93295589515,24-07-2024 09:05,27-07-2024 22:33
845.9607,54.45,61010448683,67690112969,17-07-2024 13:03,20-07-2024 02:17
52.7167,26.77,93008645603,97068066540,15-07-2024 04:09,17-07-2024 08:52
44.3384,44.62,76359229549,84113831464,13-08-2024 15:21,18-08-2024 06:46
28.3886,85.23,65089630779,73817051768,20-07-2024 11:27,21-07-2024 17:41
974.8384,68.13,59057922985,65711077756,16-08-2024 15:54,22-08-2024 09:24
565.7255,37.1,34872615846,35850067743,07-07-2024 15:53,09-07-2024 23:08
521.4659,36.59,7359709033,15833850900,24-07-2024 07:23,28-07-2024 05:55
34.5167,3.69,14663849921,21454606211,17-08-2024 02:34,18-08-2024 13:05
112.6667,99.25,48787684778,49550324250,04-07-2024 02:25,08-07-2024 19:05
996.4919,48.72,79133661223,86555528164,03-07-2024 15:25,05-07-2024 00:28
102.4,29.65,5504455329,5979338819,31-07-2024 06:14,04-08-2024 12:38
68.4167,86.74,88713432251,97147605739,13-07-2024 06:12,16-07-2024 02:37
336.6242,88.78,59621404247,67979758237,29-07-2024 12:33,03-08-2024 09:34
561.7267,33.15,62581670239,66738314431,29-07-2024 02:21,02-08-2024 10:47
25.7631,11.97,95991805189,99943019184,23-07-2024 07:44,24-07-2024 12:27
389.7455,77.29,84793657254,91632010894,30-07-2024 21:13,03-08-2024 13:49
942.0782,5.84,24471295008,27776490991,20-07-2024 00:10,21-07-2024 22:26
217.5637,18.89,7329749161,11368547796,18-08-2024 22:57,22-08-2024 11:18
20.2608,72.41,45848191981,53582994621,24-07-2024 18:15,28-07-2024 08:19
105.2667,94.81,64138243442,70487266654,27-08-2024 07:47,31-08-2024 17:03
691.4302,48.47,8639267457,15003885405,30-07-2024 06:59,04-08-2024 09:40
195.0857,10.28,67920358323,72730111824,08-08-2024 11:47,13-08-2024 18:54
646.5474,76.58,44377829891,50999017236,14-07-2024 15:04,16-07-2024 05:01
98.0667,32.91,99728008625,99735769398,01-07-2024 10:58,05-07-2024 13:02
